id,note_text,niche,linked_to_post,format_guess,starred
n001,"I am writing and releasing my two-part series on Cerebras, Cerebranalysis, on the two days leading up to the IPO! Today’s article is part 1 and focuses on the science and technology behind the Cerebras Dinner Plate (wafer-scale engine).

I discuss their compiler complexity and inefficiency, how Cerebras claims a 100% yield rate on their wafer-scale engines, why PVT (process, voltage, temperature) calibration is one of Cerebras’s most important innovations, the science behind the one mechanism which enables their 15x inference speedup: pipeline parallelism, and the two key constraints their architecture has, first being severe memory constraints and second being the limited I/O bandwidth.

We go one step beyond most other technical research out there. We underline why all this technological analysis is economically relevant for their product. I will walk you through the single conclusion that follows from our research, which forms the foundational premise for all of our economic and business-related analysis coming tomorrow.",tech,Y,Descriptive Promotion,N
n002,"Bottom of the ninth. Two outs. Both your teammates just hit home runs. You're down by one point, and you're up to bat.

That was the pressure facing ARM today.

Welcome to my ARM Earnings Review! Today we discuss their licensing, royalty, and AGI CPU businesses and how they evolved during the call. I conclude that in this entire earnings release, there is literally only one piece of signal that is worth digesting.",tech,Y,Exciting Promotion,N
n003,"112,500x

That's the token explosion when continuous inference compounds on top of reasoning and agentic systems

Three frontier AI labs just shipped the architecture in five weeks: NVIDIA, Physical Intelligence, Thinking Machines

Inference Never Sleeps",tech,Y,Hook,N
n004,"AI servers are not just GPUs.

As GPU power delivery changes, the small components around the GPU are starting to be valued by a very different standard.

But the interesting part is this:

Even within AI server components, the market is not pricing everything the same way.

Some companies are already showing AI demand in reported numbers. Others are still mostly trading on products, positioning, and expectations.

This piece is about why that gap exists, and why treating “AI components” as one simple basket can miss what is actually happening underneath.

The piece also links back to my free MLCC explainer, so the two are worth reading together if you want both the technical foundation and the market map.",tech,Y,Descriptive Promotion,N
n005,"The AI power trade is getting louder.

But the real question may not be who announces the biggest power plan.

It may be who can turn power on first.

That is why Bloom Energy became such an interesting signal in the AI power story.

Not because it answered everything.

But because it pointed to a bigger shift:

When AI cannot wait for the grid, time-to-power becomes a bottleneck of its own.

The useful investor question is simple:

Which bottleneck monetizes first?",tech,Y,Ending Question,N
n006,,,,,
